<?xml version="1.0"?>
<root ptr="0x7f5b0acf7750" id="4" symbol="9SwRootFrm" lower="5">
 <shellCrsr>
  <swpam pointNodeIndex="36" pointContentIndex="0" markNodeIndex="36" markContentIndex="0"/>
 </shellCrsr>
 <infos>
  <bounds left="284" top="284" width="18834" height="64212"/>
 </infos>
 <page ptr="0x7f5ad8055118" id="5" symbol="9SwPageFrm" next="102" upper="4" lower="6">
  <infos>
   <bounds left="6878" top="284" width="12240" height="15840"/>
  </infos>
  <body ptr="0x7f5ad80570f8" id="6" symbol="9SwBodyFrm" upper="5" lower="7">
   <infos>
    <bounds left="8012" top="852" width="10431" height="14988"/>
   </infos>
   <tab ptr="0x7f5ac1532000" id="7" symbol="8SwTabFrm" next="27" upper="6" lower="8">
    <infos>
     <bounds left="8012" top="852" width="10431" height="2164"/>
    </infos>
    <row ptr="0x7f5ac1533000" id="8" symbol="8SwRowFrm" next="19" upper="7" lower="9">
     <infos>
      <bounds left="7723" top="852" width="10773" height="1394"/>
     </infos>
     <cell ptr="0x7f5ac1534000" id="9" symbol="9SwCellFrm" next="14" upper="8" lower="10">
      <infos>
       <bounds left="7723" top="852" width="1693" height="1394"/>
      </infos>
      <txt ptr="0x7f5ad8058130" id="10" symbol="8SwTxtFrm" next="11" upper="9" txtNodeIndex="44">
       <infos>
        <bounds left="7831" top="862" width="1477" height="147"/>
       </infos>
       <Special nLength="0" nType="POR_MARGIN" rText="" nWidth="720"/>
       <Text nLength="0" nType="POR_TXT" nHeight="147"/>
       <Special nLength="0" nType="POR_MARGIN" rText="" nWidth="720"/>
       <LineBreak nWidth="1440"/>
       <Finish/>
      </txt>
      <txt ptr="0x7f5ad8058260" id="11" symbol="8SwTxtFrm" prev="10" upper="9" txtNodeIndex="45">
       <infos>
        <bounds left="7831" top="1009" width="1477" height="269"/>
       </infos>
       <anchored>
        <fly ptr="0x7f5b0a0b5b20" id="12" symbol="13SwFlyAtCntFrm" lower="13">
         <infos>
          <bounds left="8018" top="1083" width="988" height="1034"/>
         </infos>
         <notxt ptr="0x7f5b0abe2480" id="13" symbol="10SwNoTxtFrm" upper="12">
          <infos>
           <bounds left="8018" top="1083" width="988" height="1034"/>
          </infos>
         </notxt>
        </fly>
       </anchored>
       <Special nLength="0" nType="POR_MARGIN" rText="" nWidth="720"/>
       <Text nLength="0" nType="POR_TXT" nHeight="269"/>
       <Special nLength="0" nType="POR_MARGIN" rText="" nWidth="720"/>
       <LineBreak nWidth="1440"/>
       <Finish/>
      </txt>
     </cell>
     <cell ptr="0x7f5ac1534100" id="14" symbol="9SwCellFrm" prev="9" upper="8" lower="15">
      <infos>
       <bounds left="9416" top="852" width="9080" height="1394"/>
      </infos>
      <txt ptr="0x7f5ad8058390" id="15" symbol="8SwTxtFrm" next="16" upper="14" txtNodeIndex="48">
       <infos>
        <bounds left="9524" top="862" width="8864" height="373"/>
       </infos>
       <Special nLength="0" nType="POR_MARGIN" rText="" nWidth="4432"/>
       <Text nLength="0" nType="POR_TXT" nHeight="373"/>
       <Special nLength="0" nType="POR_MARGIN" rText="" nWidth="4433"/>
       <LineBreak nWidth="8865"/>
       <Finish/>
      </txt>
      <txt ptr="0x7f5ad80584c0" id="16" symbol="8SwTxtFrm" next="17" prev="15" upper="14" txtNodeIndex="49">
       <infos>
        <bounds left="9524" top="1235" width="8864" height="373"/>
       </infos>
       <Special nLength="0" nType="POR_MARGIN" rText="" nWidth="4432"/>
       <Text nLength="0" nType="POR_TXT" nHeight="373"/>
       <Special nLength="0" nType="POR_MARGIN" rText="" nWidth="4433"/>
       <LineBreak nWidth="8865"/>
       <Finish/>
      </txt>
      <txt ptr="0x7f5ad80585f0" id="17" symbol="8SwTxtFrm" next="18" prev="16" upper="14" txtNodeIndex="50">
       <infos>
        <bounds left="9524" top="1608" width="8864" height="369"/>
       </infos>
Carátula para entrega de prácticas       <Special nLength="0" nType="POR_MARGIN" rText="" nWidth="1809"/>
       <Text nLength="34" nType="POR_TXT" nHeight="369" nWidth="5247"/>
       <Special nLength="0" nType="POR_MARGIN" rText="" nWidth="1809"/>
       <LineBreak nWidth="8865"/>
       <Finish/>
      </txt>
      <txt ptr="0x7f5ad8058720" id="18" symbol="8SwTxtFrm" prev="17" upper="14" txtNodeIndex="51">
       <infos>
        <bounds left="9524" top="1977" width="8864" height="269"/>
       </infos>
       <Special nLength="0" nType="POR_MARGIN" rText="" nWidth="4432"/>
       <Text nLength="0" nType="POR_TXT" nHeight="269"/>
       <Special nLength="0" nType="POR_MARGIN" rText="" nWidth="4433"/>
       <LineBreak nWidth="8865"/>
       <Finish/>
      </txt>
     </cell>
    </row>
    <row ptr="0x7f5ac1533118" id="19" symbol="8SwRowFrm" prev="8" upper="7" lower="20">
     <infos>
      <bounds left="7723" top="2246" width="10773" height="760"/>
     </infos>
     <cell ptr="0x7f5ac1534200" id="20" symbol="9SwCellFrm" next="24" upper="19" lower="21">
      <infos>
       <bounds left="7723" top="2246" width="5386" height="760"/>
      </infos>
      <txt ptr="0x7f5ad8058850" id="21" symbol="8SwTxtFrm" next="22" upper="20" txtNodeIndex="54">
       <infos>
        <bounds left="7831" top="2256" width="5170" height="230"/>
       </infos>
       <Special nLength="0" nType="POR_MARGIN" rText="" nWidth="2566"/>
       <Text nLength="0" nType="POR_TXT" nHeight="230"/>
       <Special nLength="0" nType="POR_MARGIN" rText="" nWidth="2567"/>
       <LineBreak nWidth="5133"/>
       <Finish/>
      </txt>
      <txt ptr="0x7f5ad8058980" id="22" symbol="8SwTxtFrm" next="23" prev="21" upper="20" txtNodeIndex="55">
       <infos>
        <bounds left="7831" top="2486" width="5170" height="276"/>
       </infos>
Facultad de Ingeniería       <Special nLength="0" nType="POR_MARGIN" rText="" nWidth="1372"/>
       <Text nLength="22" nType="POR_TXT" nHeight="276" nWidth="2389"/>
       <Special nLength="0" nType="POR_MARGIN" rText="" nWidth="1372"/>
       <LineBreak nWidth="5133"/>
       <Finish/>
      </txt>
      <txt ptr="0x7f5ad8058ab0" id="23" symbol="8SwTxtFrm" prev="22" upper="20" txtNodeIndex="56">
       <infos>
        <bounds left="7831" top="2762" width="5170" height="244"/>
       </infos>
       <Special nLength="0" nType="POR_MARGIN" rText="" nWidth="2566"/>
       <Text nLength="0" nType="POR_TXT" nHeight="244"/>
       <Special nLength="0" nType="POR_MARGIN" rText="" nWidth="2567"/>
       <LineBreak nWidth="5133"/>
       <Finish/>
      </txt>
     </cell>
     <cell ptr="0x7f5ac1534300" id="24" symbol="9SwCellFrm" prev="20" upper="19" lower="25">
      <infos>
       <bounds left="13109" top="2246" width="5387" height="760"/>
      </infos>
      <txt ptr="0x7f5ad8058be0" id="25" symbol="8SwTxtFrm" next="26" upper="24" txtNodeIndex="59">
       <infos>
        <bounds left="13217" top="2256" width="5171" height="244"/>
       </infos>
       <Special nLength="0" nType="POR_MARGIN" rText="" nWidth="2567"/>
       <Text nLength="0" nType="POR_TXT" nHeight="244"/>
       <Special nLength="0" nType="POR_MARGIN" rText="" nWidth="2567"/>
       <LineBreak nWidth="5134"/>
       <Finish/>
      </txt>
      <txt ptr="0x7f5ad8058d10" id="26" symbol="8SwTxtFrm" prev="25" upper="24" txtNodeIndex="60">
       <infos>
        <bounds left="13217" top="2500" width="5171" height="276"/>
       </infos>
Laboratorio de docencia       <Special nLength="0" nType="POR_MARGIN" rText="" nWidth="1279"/>
       <Text nLength="23" nType="POR_TXT" nHeight="276" nWidth="2576"/>
       <Special nLength="0" nType="POR_MARGIN" rText="" nWidth="1279"/>
       <LineBreak nWidth="5134"/>
       <Finish/>
      </txt>
     </cell>
    </row>
   </tab>
   <txt ptr="0x7f5ad8058e40" id="27" symbol="8SwTxtFrm" next="28" prev="7" upper="6" txtNodeIndex="63">
    <infos>
     <bounds left="8012" top="3016" width="10431" height="276"/>
    </infos>
    <Finish/>
   </txt>
   <txt ptr="0x7f5ac1535008" id="28" symbol="8SwTxtFrm" next="29" prev="27" upper="6" txtNodeIndex="64">
    <infos>
     <bounds left="8012" top="3292" width="10431" height="276"/>
    </infos>
    <Finish/>
   </txt>
   <txt ptr="0x7f5ac1535138" id="29" symbol="8SwTxtFrm" next="30" prev="28" upper="6" txtNodeIndex="65">
    <infos>
     <bounds left="8012" top="3568" width="10431" height="828"/>
    </infos>
Laboratorios de computación    <Special nLength="0" nType="POR_MARGIN" rText="" nWidth="997"/>
    <Text nLength="12" nType="POR_TXT" nHeight="828" nWidth="3679"/>
    <Text nLength="4" nType="POR_TXT" nHeight="828" nWidth="1040"/>
    <Text nLength="11" nType="POR_TXT" nHeight="828" nWidth="3719"/>
    <Special nLength="0" nType="POR_MARGIN" rText="" nWidth="997"/>
    <LineBreak nWidth="10432"/>
    <Finish/>
   </txt>
   <txt ptr="0x7f5ac1535268" id="30" symbol="8SwTxtFrm" next="31" prev="29" upper="6" txtNodeIndex="66">
    <infos>
     <bounds left="8012" top="4396" width="10431" height="828"/>
    </infos>
salas A y B    <Special nLength="0" nType="POR_MARGIN" rText="" nWidth="3606"/>
    <Text nLength="11" nType="POR_TXT" nHeight="828" nWidth="3220"/>
    <Special nLength="0" nType="POR_MARGIN" rText="" nWidth="3606"/>
    <LineBreak nWidth="10432"/>
    <Finish/>
   </txt>
   <txt ptr="0x7f5ac1535398" id="31" symbol="8SwTxtFrm" next="32" prev="30" upper="6" txtNodeIndex="67">
    <infos>
     <bounds left="8012" top="5224" width="10431" height="506"/>
    </infos>
    <anchored>
     <SwAnchoredDrawObject ptr="0x7f5b0b160890">
      <bounds left="7829" top="5555" width="10661" height="21"/>
     </SwAnchoredDrawObject>
    </anchored>
    <Special nLength="0" nType="POR_MARGIN" rText="" nWidth="5216"/>
    <Text nLength="0" nType="POR_TXT" nHeight="506"/>
    <Special nLength="0" nType="POR_MARGIN" rText="" nWidth="5216"/>
    <LineBreak nWidth="10432"/>
    <Finish/>
   </txt>
   <tab ptr="0x7f5ac1532130" id="32" symbol="8SwTabFrm" next="96" prev="31" upper="6" lower="33">
    <infos>
     <bounds left="8012" top="5730" width="10431" height="8611"/>
    </infos>
    <row ptr="0x7f5ac1533230" id="33" symbol="8SwRowFrm" next="39" upper="32" lower="34">
     <infos>
      <bounds left="8012" top="5730" width="10454" height="720"/>
     </infos>
     <cell ptr="0x7f5ac1534400" id="34" symbol="9SwCellFrm" next="37" upper="33" lower="35">
      <infos>
       <bounds left="8012" top="5730" width="3600" height="720"/>
      </infos>
      <txt ptr="0x7f5ac15354c8" id="35" symbol="8SwTxtFrm" next="36" upper="34" txtNodeIndex="70">
       <infos>
        <bounds left="8067" top="5785" width="3490" height="352"/>
       </infos>
       <Special nLength="0" nType="POR_MARGIN" rText="" nWidth="2862"/>
       <Text nLength="0" nType="POR_TXT" nHeight="352"/>
       <Special nLength="0" nType="POR_MARGIN" rText=""/>
       <LineBreak nWidth="2862"/>
       <Finish/>
      </txt>
      <txt ptr="0x7f5ac15355f8" id="36" symbol="8SwTxtFrm" prev="35" upper="34" txtNodeIndex="71">
       <infos>
        <bounds left="8067" top="6137" width="3490" height="258"/>
       </infos>
Profesor:       <Special nLength="0" nType="POR_MARGIN" rText="" nWidth="1707"/>
       <Text nLength="9" nType="POR_TXT" nHeight="352" nWidth="1155"/>
       <Special nLength="0" nType="POR_MARGIN" rText=""/>
       <LineBreak nWidth="2862"/>
       <Finish/>
      </txt>
     </cell>
     <cell ptr="0x7f5ac1534500" id="37" symbol="9SwCellFrm" prev="34" upper="33" lower="38">
      <infos>
       <bounds left="11612" top="5730" width="6854" height="720"/>
      </infos>
      <txt ptr="0x7f5ac1535728" id="38" symbol="8SwTxtFrm" upper="37" txtNodeIndex="74">
       <infos>
        <bounds left="11667" top="5785" width="6744" height="276"/>
       </infos>
ING. Jorge Luis López García       <Text nLength="28" nType="POR_PARA" nHeight="276" nWidth="2908"/>
       <LineBreak nWidth="2908"/>
       <Finish/>
      </txt>
     </cell>
    </row>
    <row ptr="0x7f5ac1533348" id="39" symbol="8SwRowFrm" next="45" prev="33" upper="32" lower="40">
     <infos>
      <bounds left="8012" top="6450" width="10454" height="862"/>
     </infos>
     <cell ptr="0x7f5ac1534600" id="40" symbol="9SwCellFrm" next="43" upper="39" lower="41">
      <infos>
       <bounds left="8012" top="6450" width="3600" height="862"/>
      </infos>
      <txt ptr="0x7f5ac1535858" id="41" symbol="8SwTxtFrm" next="42" upper="40" txtNodeIndex="77">
       <infos>
        <bounds left="8067" top="6510" width="3490" height="352"/>
       </infos>
       <Special nLength="0" nType="POR_MARGIN" rText="" nWidth="2862"/>
       <Text nLength="0" nType="POR_TXT" nHeight="352"/>
       <Special nLength="0" nType="POR_MARGIN" rText=""/>
       <LineBreak nWidth="2862"/>
       <Finish/>
      </txt>
      <txt ptr="0x7f5ac1535988" id="42" symbol="8SwTxtFrm" prev="41" upper="40" txtNodeIndex="78">
       <infos>
        <bounds left="8067" top="6862" width="3490" height="352"/>
       </infos>
Asignatura:       <Special nLength="0" nType="POR_MARGIN" rText="" nWidth="1367"/>
       <Text nLength="11" nType="POR_TXT" nHeight="352" nWidth="1495"/>
       <Special nLength="0" nType="POR_MARGIN" rText=""/>
       <LineBreak nWidth="2862"/>
       <Finish/>
      </txt>
     </cell>
     <cell ptr="0x7f5ac1534700" id="43" symbol="9SwCellFrm" prev="40" upper="39" lower="44">
      <infos>
       <bounds left="11612" top="6450" width="6854" height="862"/>
      </infos>
      <txt ptr="0x7f5ac1535ab8" id="44" symbol="8SwTxtFrm" upper="43" txtNodeIndex="81">
       <infos>
        <bounds left="11667" top="6510" width="6744" height="276"/>
       </infos>
Fundamentos de Programación       <Text nLength="27" nType="POR_PARA" nHeight="276" nWidth="2986"/>
       <LineBreak nWidth="2986"/>
       <Finish/>
      </txt>
     </cell>
    </row>
    <row ptr="0x7f5ac1533460" id="45" symbol="8SwRowFrm" next="51" prev="39" upper="32" lower="46">
     <infos>
      <bounds left="8012" top="7312" width="10454" height="792"/>
     </infos>
     <cell ptr="0x7f5ac1534800" id="46" symbol="9SwCellFrm" next="49" upper="45" lower="47">
      <infos>
       <bounds left="8012" top="7312" width="3600" height="792"/>
      </infos>
      <txt ptr="0x7f5ac1535be8" id="47" symbol="8SwTxtFrm" next="48" upper="46" txtNodeIndex="84">
       <infos>
        <bounds left="8067" top="7372" width="3490" height="352"/>
       </infos>
       <Special nLength="0" nType="POR_MARGIN" rText="" nWidth="2862"/>
       <Text nLength="0" nType="POR_TXT" nHeight="352"/>
       <Special nLength="0" nType="POR_MARGIN" rText=""/>
       <LineBreak nWidth="2862"/>
       <Finish/>
      </txt>
      <txt ptr="0x7f5ac1535d18" id="48" symbol="8SwTxtFrm" prev="47" upper="46" txtNodeIndex="85">
       <infos>
        <bounds left="8067" top="7724" width="3490" height="325"/>
       </infos>
Grupo:       <Special nLength="0" nType="POR_MARGIN" rText="" nWidth="1987"/>
       <Text nLength="6" nType="POR_TXT" nHeight="352" nWidth="875"/>
       <Special nLength="0" nType="POR_MARGIN" rText=""/>
       <LineBreak nWidth="2862"/>
       <Finish/>
      </txt>
     </cell>
     <cell ptr="0x7f5ac1534900" id="49" symbol="9SwCellFrm" prev="46" upper="45" lower="50">
      <infos>
       <bounds left="11612" top="7312" width="6854" height="792"/>
      </infos>
      <txt ptr="0x7f5ac1535e48" id="50" symbol="8SwTxtFrm" upper="49" txtNodeIndex="88">
       <infos>
        <bounds left="11667" top="7372" width="6744" height="276"/>
       </infos>
16       <Text nLength="2" nType="POR_PARA" nHeight="276" nWidth="240"/>
       <LineBreak nWidth="240"/>
       <Finish/>
      </txt>
     </cell>
    </row>
    <row ptr="0x7f5ac1533578" id="51" symbol="8SwRowFrm" next="57" prev="45" upper="32" lower="52">
     <infos>
      <bounds left="8012" top="8104" width="10454" height="797"/>
     </infos>
     <cell ptr="0x7f5ac1534a00" id="52" symbol="9SwCellFrm" next="55" upper="51" lower="53">
      <infos>
       <bounds left="8012" top="8104" width="3600" height="797"/>
      </infos>
      <txt ptr="0x7f5ac1536010" id="53" symbol="8SwTxtFrm" next="54" upper="52" txtNodeIndex="91">
       <infos>
        <bounds left="8067" top="8164" width="3490" height="352"/>
       </infos>
       <Special nLength="0" nType="POR_MARGIN" rText="" nWidth="2862"/>
       <Text nLength="0" nType="POR_TXT" nHeight="352"/>
       <Special nLength="0" nType="POR_MARGIN" rText=""/>
       <LineBreak nWidth="2862"/>
       <Finish/>
      </txt>
      <txt ptr="0x7f5ac1536140" id="54" symbol="8SwTxtFrm" prev="53" upper="52" txtNodeIndex="92">
       <infos>
        <bounds left="8067" top="8516" width="3490" height="330"/>
       </infos>
No de Práctica(s):       <Special nLength="0" nType="POR_MARGIN" rText="" nWidth="595"/>
       <Text nLength="18" nType="POR_TXT" nHeight="352" nWidth="2267"/>
       <Special nLength="0" nType="POR_MARGIN" rText=""/>
       <LineBreak nWidth="2862"/>
       <Finish/>
      </txt>
     </cell>
     <cell ptr="0x7f5ac1534b00" id="55" symbol="9SwCellFrm" prev="52" upper="51" lower="56">
      <infos>
       <bounds left="11612" top="8104" width="6854" height="797"/>
      </infos>
      <txt ptr="0x7f5ac1536270" id="56" symbol="8SwTxtFrm" upper="55" txtNodeIndex="95">
       <infos>
        <bounds left="11667" top="8164" width="6744" height="276"/>
       </infos>
#1       <Text nLength="2" nType="POR_PARA" nHeight="276" nWidth="240"/>
       <LineBreak nWidth="240"/>
       <Finish/>
      </txt>
     </cell>
    </row>
    <row ptr="0x7f5ac1533690" id="57" symbol="8SwRowFrm" next="63" prev="51" upper="32" lower="58">
     <infos>
      <bounds left="8012" top="8901" width="10454" height="792"/>
     </infos>
     <cell ptr="0x7f5ac1534c00" id="58" symbol="9SwCellFrm" next="61" upper="57" lower="59">
      <infos>
       <bounds left="8012" top="8901" width="3600" height="792"/>
      </infos>
      <txt ptr="0x7f5ac15363a0" id="59" symbol="8SwTxtFrm" next="60" upper="58" txtNodeIndex="98">
       <infos>
        <bounds left="8067" top="8961" width="3490" height="352"/>
       </infos>
       <Special nLength="0" nType="POR_MARGIN" rText="" nWidth="2862"/>
       <Text nLength="0" nType="POR_TXT" nHeight="352"/>
       <Special nLength="0" nType="POR_MARGIN" rText=""/>
       <LineBreak nWidth="2862"/>
       <Finish/>
      </txt>
      <txt ptr="0x7f5ac15364d0" id="60" symbol="8SwTxtFrm" prev="59" upper="58" txtNodeIndex="99">
       <infos>
        <bounds left="8067" top="9313" width="3490" height="325"/>
       </infos>
Integrante(s):       <Special nLength="0" nType="POR_MARGIN" rText="" nWidth="1090"/>
       <Text nLength="14" nType="POR_TXT" nHeight="352" nWidth="1772"/>
       <Special nLength="0" nType="POR_MARGIN" rText=""/>
       <LineBreak nWidth="2862"/>
       <Finish/>
      </txt>
     </cell>
     <cell ptr="0x7f5ac1534d00" id="61" symbol="9SwCellFrm" prev="58" upper="57" lower="62">
      <infos>
       <bounds left="11612" top="8901" width="6854" height="792"/>
      </infos>
      <txt ptr="0x7f5ac1536600" id="62" symbol="8SwTxtFrm" next="100" upper="61" txtNodeIndex="102">
       <infos>
        <bounds left="11667" top="8961" width="6744" height="276"/>
       </infos>
García Fuentes Gerardo Andres       <Text nLength="29" nType="POR_PARA" nHeight="276" nWidth="3032"/>
       <LineBreak nWidth="3032"/>
       <Finish/>
      </txt>
      <txt ptr="0x7f5ad8058000" id="100" symbol="8SwTxtFrm" prev="62" upper="61" txtNodeIndex="103">
       <infos>
        <bounds left="11667" top="9237" width="6744" height="276"/>
       </infos>
Romero Cabello Mario Alberto        <Text nLength="29" nType="POR_PARA" nHeight="276" nWidth="3066"/>
       <LineBreak nWidth="3066"/>
       <Finish/>
      </txt>
     </cell>
    </row>
    <row ptr="0x7f5ac15337a8" id="63" symbol="8SwRowFrm" next="68" prev="57" upper="32" lower="64">
     <infos>
      <bounds left="8012" top="9693" width="10454" height="720"/>
     </infos>
     <cell ptr="0x7f5ac1534e00" id="64" symbol="9SwCellFrm" next="66" upper="63" lower="65">
      <infos>
       <bounds left="8012" top="9693" width="3600" height="720"/>
      </infos>
      <txt ptr="0x7f5ac1536730" id="65" symbol="8SwTxtFrm" upper="64" txtNodeIndex="106">
       <infos>
        <bounds left="8067" top="9753" width="3490" height="276"/>
       </infos>
       <Finish/>
      </txt>
     </cell>
     <cell ptr="0x7f5ac1537008" id="66" symbol="9SwCellFrm" prev="64" upper="63" lower="67">
      <infos>
       <bounds left="11612" top="9693" width="6854" height="720"/>
      </infos>
      <txt ptr="0x7f5ac1536860" id="67" symbol="8SwTxtFrm" upper="66" txtNodeIndex="109">
       <infos>
        <bounds left="11667" top="9753" width="6744" height="276"/>
       </infos>
       <Finish/>
      </txt>
     </cell>
    </row>
    <row ptr="0x7f5ac15338c0" id="68" symbol="8SwRowFrm" next="73" prev="63" upper="32" lower="69">
     <infos>
      <bounds left="8012" top="10413" width="10454" height="720"/>
     </infos>
     <cell ptr="0x7f5ac1537108" id="69" symbol="9SwCellFrm" next="71" upper="68" lower="70">
      <infos>
       <bounds left="8012" top="10413" width="3600" height="720"/>
      </infos>
      <txt ptr="0x7f5ac1536990" id="70" symbol="8SwTxtFrm" upper="69" txtNodeIndex="112">
       <infos>
        <bounds left="8067" top="10473" width="3490" height="276"/>
       </infos>
       <Finish/>
      </txt>
     </cell>
     <cell ptr="0x7f5ac1537208" id="71" symbol="9SwCellFrm" prev="69" upper="68" lower="72">
      <infos>
       <bounds left="11612" top="10413" width="6854" height="720"/>
      </infos>
      <txt ptr="0x7f5ac1536ac0" id="72" symbol="8SwTxtFrm" upper="71" txtNodeIndex="115">
       <infos>
        <bounds left="11667" top="10473" width="6744" height="276"/>
       </infos>
       <Finish/>
      </txt>
     </cell>
    </row>
    <row ptr="0x7f5ac15339d8" id="73" symbol="8SwRowFrm" next="79" prev="68" upper="32" lower="74">
     <infos>
      <bounds left="8012" top="11133" width="10454" height="798"/>
     </infos>
     <cell ptr="0x7f5ac1537308" id="74" symbol="9SwCellFrm" next="77" upper="73" lower="75">
      <infos>
       <bounds left="8012" top="11133" width="3600" height="798"/>
      </infos>
      <txt ptr="0x7f5ac1536bf0" id="75" symbol="8SwTxtFrm" next="76" upper="74" txtNodeIndex="118">
       <infos>
        <bounds left="8067" top="11193" width="3490" height="352"/>
       </infos>
       <Special nLength="0" nType="POR_MARGIN" rText="" nWidth="2862"/>
       <Text nLength="0" nType="POR_TXT" nHeight="352"/>
       <Special nLength="0" nType="POR_MARGIN" rText=""/>
       <LineBreak nWidth="2862"/>
       <Finish/>
      </txt>
      <txt ptr="0x7f5ac1536d20" id="76" symbol="8SwTxtFrm" prev="75" upper="74" txtNodeIndex="119">
       <infos>
        <bounds left="8067" top="11545" width="3490" height="331"/>
       </infos>
Semestre:       <Special nLength="0" nType="POR_MARGIN" rText="" nWidth="1624"/>
       <Text nLength="9" nType="POR_TXT" nHeight="352" nWidth="1238"/>
       <Special nLength="0" nType="POR_MARGIN" rText=""/>
       <LineBreak nWidth="2862"/>
       <Finish/>
      </txt>
     </cell>
     <cell ptr="0x7f5ac1537408" id="77" symbol="9SwCellFrm" prev="74" upper="73" lower="78">
      <infos>
       <bounds left="11612" top="11133" width="6854" height="798"/>
      </infos>
      <txt ptr="0x7f5ac1536e50" id="78" symbol="8SwTxtFrm" upper="77" txtNodeIndex="122">
       <infos>
        <bounds left="11667" top="11193" width="6744" height="276"/>
       </infos>
2018-2       <Text nLength="6" nType="POR_PARA" nHeight="276" nWidth="680"/>
       <LineBreak nWidth="680"/>
       <Finish/>
      </txt>
     </cell>
    </row>
    <row ptr="0x7f5ac1533af0" id="79" symbol="8SwRowFrm" next="85" prev="73" upper="32" lower="80">
     <infos>
      <bounds left="8012" top="11931" width="10454" height="791"/>
     </infos>
     <cell ptr="0x7f5ac1537508" id="80" symbol="9SwCellFrm" next="83" upper="79" lower="81">
      <infos>
       <bounds left="8012" top="11931" width="3600" height="791"/>
      </infos>
      <txt ptr="0x7f5ac1538018" id="81" symbol="8SwTxtFrm" next="82" upper="80" txtNodeIndex="125">
       <infos>
        <bounds left="8067" top="11991" width="3490" height="352"/>
       </infos>
       <Special nLength="0" nType="POR_MARGIN" rText="" nWidth="2862"/>
       <Text nLength="0" nType="POR_TXT" nHeight="352"/>
       <Special nLength="0" nType="POR_MARGIN" rText=""/>
       <LineBreak nWidth="2862"/>
       <Finish/>
      </txt>
      <txt ptr="0x7f5ac1538148" id="82" symbol="8SwTxtFrm" prev="81" upper="80" txtNodeIndex="126">
       <infos>
        <bounds left="8067" top="12343" width="3490" height="324"/>
       </infos>
Fecha de entrega:       <Special nLength="0" nType="POR_MARGIN" rText="" nWidth="627"/>
       <Text nLength="17" nType="POR_TXT" nHeight="352" nWidth="2235"/>
       <Special nLength="0" nType="POR_MARGIN" rText=""/>
       <LineBreak nWidth="2862"/>
       <Finish/>
      </txt>
     </cell>
     <cell ptr="0x7f5ac1537608" id="83" symbol="9SwCellFrm" prev="80" upper="79" lower="84">
      <infos>
       <bounds left="11612" top="11931" width="6854" height="791"/>
      </infos>
      <txt ptr="0x7f5ac1538278" id="84" symbol="8SwTxtFrm" upper="83" txtNodeIndex="129">
       <infos>
        <bounds left="11667" top="11991" width="6744" height="276"/>
       </infos>
14 de Febrero de 2018       <Text nLength="21" nType="POR_PARA" nHeight="276" nWidth="2160"/>
       <LineBreak nWidth="2160"/>
       <Finish/>
      </txt>
     </cell>
    </row>
    <row ptr="0x7f5ac1533c08" id="85" symbol="8SwRowFrm" next="91" prev="79" upper="32" lower="86">
     <infos>
      <bounds left="8012" top="12722" width="10454" height="894"/>
     </infos>
     <cell ptr="0x7f5ac1537708" id="86" symbol="9SwCellFrm" next="89" upper="85" lower="87">
      <infos>
       <bounds left="8012" top="12722" width="3600" height="894"/>
      </infos>
      <txt ptr="0x7f5ac15383a8" id="87" symbol="8SwTxtFrm" next="88" upper="86" txtNodeIndex="132">
       <infos>
        <bounds left="8067" top="12782" width="3490" height="352"/>
       </infos>
       <Special nLength="0" nType="POR_MARGIN" rText="" nWidth="2862"/>
       <Text nLength="0" nType="POR_TXT" nHeight="352"/>
       <Special nLength="0" nType="POR_MARGIN" rText=""/>
       <LineBreak nWidth="2862"/>
       <Finish/>
      </txt>
      <txt ptr="0x7f5ac15384d8" id="88" symbol="8SwTxtFrm" prev="87" upper="86" txtNodeIndex="133">
       <infos>
        <bounds left="8067" top="13134" width="3490" height="352"/>
       </infos>
Observaciones:       <Special nLength="0" nType="POR_MARGIN" rText="" nWidth="966"/>
       <Text nLength="14" nType="POR_TXT" nHeight="352" nWidth="1896"/>
       <Special nLength="0" nType="POR_MARGIN" rText=""/>
       <LineBreak nWidth="2862"/>
       <Finish/>
      </txt>
     </cell>
     <cell ptr="0x7f5ac1537808" id="89" symbol="9SwCellFrm" prev="86" upper="85" lower="90">
      <infos>
       <bounds left="11612" top="12722" width="6854" height="894"/>
      </infos>
      <txt ptr="0x7f5ac1538608" id="90" symbol="8SwTxtFrm" upper="89" txtNodeIndex="136">
       <infos>
        <bounds left="11667" top="12782" width="6744" height="276"/>
       </infos>
       <Finish/>
      </txt>
     </cell>
    </row>
    <row ptr="0x7f5ac1533d20" id="91" symbol="8SwRowFrm" prev="85" upper="32" lower="92">
     <infos>
      <bounds left="8012" top="13616" width="10454" height="720"/>
     </infos>
     <cell ptr="0x7f5ac1537908" id="92" symbol="9SwCellFrm" next="94" upper="91" lower="93">
      <infos>
       <bounds left="8012" top="13616" width="3600" height="720"/>
      </infos>
      <txt ptr="0x7f5ac1538738" id="93" symbol="8SwTxtFrm" upper="92" txtNodeIndex="139">
       <infos>
        <bounds left="8067" top="13676" width="3490" height="276"/>
       </infos>
       <Special nLength="0" nType="POR_MARGIN" rText="" nWidth="2862"/>
       <Text nLength="0" nType="POR_TXT" nHeight="276"/>
       <Special nLength="0" nType="POR_MARGIN" rText=""/>
       <LineBreak nWidth="2862"/>
       <Finish/>
      </txt>
     </cell>
     <cell ptr="0x7f5ac1537a08" id="94" symbol="9SwCellFrm" prev="92" upper="91" lower="95">
      <infos>
       <bounds left="11612" top="13616" width="6854" height="720"/>
      </infos>
      <txt ptr="0x7f5ac1538868" id="95" symbol="8SwTxtFrm" upper="94" txtNodeIndex="142">
       <infos>
        <bounds left="11667" top="13676" width="6744" height="276"/>
       </infos>
       <Finish/>
      </txt>
     </cell>
    </row>
   </tab>
   <txt ptr="0x7f5ac1538998" id="96" symbol="8SwTxtFrm" next="97" prev="32" upper="6" txtNodeIndex="145">
    <infos>
     <bounds left="8012" top="14341" width="10431" height="276"/>
    </infos>
    <Finish/>
   </txt>
   <txt ptr="0x7f5ac1538ac8" id="97" symbol="8SwTxtFrm" next="98" prev="96" upper="6" txtNodeIndex="146">
    <infos>
     <bounds left="8012" top="14617" width="10431" height="276"/>
    </infos>
    <Finish/>
   </txt>
   <txt ptr="0x7f5ac1538bf8" id="98" symbol="8SwTxtFrm" prev="97" upper="6" txtNodeIndex="147">
    <infos>
     <bounds left="8012" top="14893" width="10431" height="635"/>
    </infos>
*****CALIFICACIÓN: __________    <Text nLength="1" nType="POR_TABLEFT" nHeight="635" nWidth="720"/>
    <Text nLength="1" nType="POR_TABLEFT" nHeight="635" nWidth="720"/>
    <Text nLength="1" nType="POR_TABLEFT" nHeight="635" nWidth="720"/>
    <Text nLength="1" nType="POR_TABLEFT" nHeight="635" nWidth="720"/>
    <Text nLength="1" nType="POR_TABLEFT" nHeight="635" nWidth="720"/>
    <Text nLength="24" nType="POR_TXT" nHeight="635" nWidth="5807"/>
    <LineBreak nWidth="9407"/>
    <Finish/>
   </txt>
  </body>
 </page>
 <page ptr="0x7f5ad8055000" id="102" symbol="9SwPageFrm" next="183" prev="5" upper="4" lower="103">
  <infos>
   <bounds left="6878" top="16408" width="12240" height="15840"/>
  </infos>
  <body ptr="0x7f5ad8057000" id="103" symbol="9SwBodyFrm" upper="102" lower="101">
   <infos>
    <bounds left="8012" top="16976" width="10431" height="14988"/>
   </infos>
   <txt ptr="0x7f5ac1538e58" id="101" symbol="8SwTxtFrm" next="123" upper="103" txtNodeIndex="148">
    <infos>
     <bounds left="8012" top="16976" width="10431" height="635"/>
    </infos>
buscadores     <Text nLength="11" nType="POR_PARA" nHeight="635" nWidth="2516"/>
    <LineBreak nWidth="2516"/>
    <Finish/>
   </txt>
   <txt ptr="0x7f5ac0148020" id="123" symbol="8SwTxtFrm" next="126" prev="101" upper="103" txtNodeIndex="149">
    <infos>
     <bounds left="8012" top="17611" width="10431" height="276"/>
    </infos>
    <Finish/>
   </txt>
   <txt ptr="0x7f5ac0148150" id="126" symbol="8SwTxtFrm" next="127" prev="123" upper="103" txtNodeIndex="150">
    <infos>
     <bounds left="8012" top="17887" width="10431" height="276"/>
    </infos>
    <Finish/>
   </txt>
   <txt ptr="0x7f5ac0148280" id="127" symbol="8SwTxtFrm" next="128" prev="126" upper="103" txtNodeIndex="151">
    <infos>
     <bounds left="8012" top="18163" width="10431" height="276"/>
    </infos>
    <anchored>
     <fly ptr="0x7f5b0f1f4bf0" id="121" symbol="13SwFlyAtCntFrm" lower="122">
      <infos>
       <bounds left="13051" top="18221" width="5556" height="3125"/>
      </infos>
      <notxt ptr="0x7f5b0ac7de40" id="122" symbol="10SwNoTxtFrm" upper="121">
       <infos>
        <bounds left="13051" top="18221" width="5556" height="3125"/>
       </infos>
      </notxt>
     </fly>
     <fly ptr="0x7f5b0ebabc20" id="124" symbol="13SwFlyAtCntFrm" lower="125">
      <infos>
       <bounds left="7427" top="18390" width="5254" height="2956"/>
      </infos>
      <notxt ptr="0x7f5b0eb88870" id="125" symbol="10SwNoTxtFrm" upper="124">
       <infos>
        <bounds left="7427" top="18390" width="5254" height="2956"/>
       </infos>
      </notxt>
     </fly>
    </anchored>
    <Special nLength="0" nType="POR_FLY" rText="" nHeight="276" nWidth="4669"/>
    <LineBreak nWidth="4669"/>
    <Finish/>
   </txt>
   <txt ptr="0x7f5ac01483b0" id="128" symbol="8SwTxtFrm" next="129" prev="127" upper="103" txtNodeIndex="152">
    <infos>
     <bounds left="8012" top="18439" width="10431" height="276"/>
    </infos>
    <Special nLength="0" nType="POR_FLY" rText="" nHeight="276" nWidth="4669"/>
    <LineBreak nWidth="4669"/>
    <Finish/>
   </txt>
   <txt ptr="0x7f5ac01484e0" id="129" symbol="8SwTxtFrm" next="130" prev="128" upper="103" txtNodeIndex="153">
    <infos>
     <bounds left="8012" top="18715" width="10431" height="276"/>
    </infos>
    <Special nLength="0" nType="POR_FLY" rText="" nHeight="276" nWidth="4669"/>
    <LineBreak nWidth="4669"/>
    <Finish/>
   </txt>
   <txt ptr="0x7f5ac0148610" id="130" symbol="8SwTxtFrm" next="131" prev="129" upper="103" txtNodeIndex="154">
    <infos>
     <bounds left="8012" top="18991" width="10431" height="276"/>
    </infos>
    <Special nLength="0" nType="POR_FLY" rText="" nHeight="276" nWidth="4669"/>
    <LineBreak nWidth="4669"/>
    <Finish/>
   </txt>
   <txt ptr="0x7f5ac0148740" id="131" symbol="8SwTxtFrm" next="132" prev="130" upper="103" txtNodeIndex="155">
    <infos>
     <bounds left="8012" top="19267" width="10431" height="276"/>
    </infos>
    <Special nLength="0" nType="POR_FLY" rText="" nHeight="276" nWidth="4669"/>
    <LineBreak nWidth="4669"/>
    <Finish/>
   </txt>
   <txt ptr="0x7f5ac0148870" id="132" symbol="8SwTxtFrm" next="133" prev="131" upper="103" txtNodeIndex="156">
    <infos>
     <bounds left="8012" top="19543" width="10431" height="276"/>
    </infos>
    <Special nLength="0" nType="POR_FLY" rText="" nHeight="276" nWidth="4669"/>
    <LineBreak nWidth="4669"/>
    <Finish/>
   </txt>
   <txt ptr="0x7f5ac01489a0" id="133" symbol="8SwTxtFrm" next="134" prev="132" upper="103" txtNodeIndex="157">
    <infos>
     <bounds left="8012" top="19819" width="10431" height="276"/>
    </infos>
    <Special nLength="0" nType="POR_FLY" rText="" nHeight="276" nWidth="4669"/>
    <LineBreak nWidth="4669"/>
    <Finish/>
   </txt>
   <txt ptr="0x7f5ac0148ad0" id="134" symbol="8SwTxtFrm" next="135" prev="133" upper="103" txtNodeIndex="158">
    <infos>
     <bounds left="8012" top="20095" width="10431" height="276"/>
    </infos>
    <Special nLength="0" nType="POR_FLY" rText="" nHeight="276" nWidth="4669"/>
    <LineBreak nWidth="4669"/>
    <Finish/>
   </txt>
   <txt ptr="0x7f5ac0148c00" id="135" symbol="8SwTxtFrm" next="136" prev="134" upper="103" txtNodeIndex="159">
    <infos>
     <bounds left="8012" top="20371" width="10431" height="276"/>
    </infos>
    <Special nLength="0" nType="POR_FLY" rText="" nHeight="276" nWidth="4669"/>
    <LineBreak nWidth="4669"/>
    <Finish/>
   </txt>
   <txt ptr="0x7f5ac0148d30" id="136" symbol="8SwTxtFrm" next="137" prev="135" upper="103" txtNodeIndex="160">
    <infos>
     <bounds left="8012" top="20647" width="10431" height="276"/>
    </infos>
    <Special nLength="0" nType="POR_FLY" rText="" nHeight="276" nWidth="4669"/>
    <LineBreak nWidth="4669"/>
    <Finish/>
   </txt>
   <txt ptr="0x7f5ac0148e60" id="137" symbol="8SwTxtFrm" next="138" prev="136" upper="103" txtNodeIndex="161">
    <infos>
     <bounds left="8012" top="20923" width="10431" height="276"/>
    </infos>
    <Special nLength="0" nType="POR_FLY" rText="" nHeight="276" nWidth="4669"/>
    <LineBreak nWidth="4669"/>
    <Finish/>
   </txt>
   <txt ptr="0x7f5ac13a4028" id="138" symbol="8SwTxtFrm" next="145" prev="137" upper="103" txtNodeIndex="162">
    <infos>
     <bounds left="8012" top="21199" width="10431" height="276"/>
    </infos>
    <Special nLength="0" nType="POR_FLY" rText="" nHeight="276" nWidth="4669"/>
    <LineBreak nWidth="4669"/>
    <Finish/>
   </txt>
   <txt ptr="0x7f5ac13a4158" id="145" symbol="8SwTxtFrm" next="146" prev="138" upper="103" txtNodeIndex="163">
    <infos>
     <bounds left="8012" top="21475" width="10431" height="276"/>
    </infos>
    <anchored>
     <fly ptr="0x7f5b0ac4c820" id="139" symbol="13SwFlyAtCntFrm" lower="140">
      <infos>
       <bounds left="7697" top="21840" width="5309" height="2986"/>
      </infos>
      <notxt ptr="0x7f5b0ac4d300" id="140" symbol="10SwNoTxtFrm" upper="139">
       <infos>
        <bounds left="7697" top="21840" width="5309" height="2986"/>
       </infos>
      </notxt>
     </fly>
     <fly ptr="0x7f5b0eb36460" id="141" symbol="13SwFlyAtCntFrm" lower="142">
      <infos>
       <bounds left="13277" top="22735" width="5557" height="3126"/>
      </infos>
      <notxt ptr="0x7f5b0f23d680" id="142" symbol="10SwNoTxtFrm" upper="141">
       <infos>
        <bounds left="13277" top="22735" width="5557" height="3126"/>
       </infos>
      </notxt>
     </fly>
     <fly ptr="0x7f5b0eb38bc0" id="143" symbol="13SwFlyAtCntFrm" lower="144">
      <infos>
       <bounds left="7712" top="25995" width="5777" height="3249"/>
      </infos>
      <notxt ptr="0x7f5b0f1addd0" id="144" symbol="10SwNoTxtFrm" upper="143">
       <infos>
        <bounds left="7712" top="25995" width="5777" height="3249"/>
       </infos>
      </notxt>
     </fly>
    </anchored>
    <Finish/>
   </txt>
   <txt ptr="0x7f5ac13a4288" id="146" symbol="8SwTxtFrm" next="147" prev="145" upper="103" txtNodeIndex="164">
    <infos>
     <bounds left="8012" top="21751" width="10431" height="276"/>
    </infos>
    <Special nLength="0" nType="POR_FLY" rText="" nHeight="276" nWidth="4994"/>
    <LineBreak nWidth="4994"/>
    <Finish/>
   </txt>
   <txt ptr="0x7f5ac13a43b8" id="147" symbol="8SwTxtFrm" next="148" prev="146" upper="103" txtNodeIndex="165">
    <infos>
     <bounds left="8012" top="22027" width="10431" height="276"/>
    </infos>
    <Special nLength="0" nType="POR_FLY" rText="" nHeight="276" nWidth="4994"/>
    <LineBreak nWidth="4994"/>
    <Finish/>
   </txt>
   <txt ptr="0x7f5ac13a44e8" id="148" symbol="8SwTxtFrm" next="149" prev="147" upper="103" txtNodeIndex="166">
    <infos>
     <bounds left="8012" top="22303" width="10431" height="276"/>
    </infos>
    <Special nLength="0" nType="POR_FLY" rText="" nHeight="276" nWidth="4994"/>
    <LineBreak nWidth="4994"/>
    <Finish/>
   </txt>
   <txt ptr="0x7f5ac13a4618" id="149" symbol="8SwTxtFrm" next="150" prev="148" upper="103" txtNodeIndex="167">
    <infos>
     <bounds left="8012" top="22579" width="10431" height="276"/>
    </infos>
    <Special nLength="0" nType="POR_FLY" rText="" nHeight="276" nWidth="4994"/>
    <LineBreak nWidth="4994"/>
    <Finish/>
   </txt>
   <txt ptr="0x7f5ac13a4748" id="150" symbol="8SwTxtFrm" next="151" prev="149" upper="103" txtNodeIndex="168">
    <infos>
     <bounds left="8012" top="22855" width="10431" height="276"/>
    </infos>
    <Special nLength="0" nType="POR_FLY" rText="" nHeight="276" nWidth="4994"/>
    <LineBreak nWidth="4994"/>
    <Finish/>
   </txt>
   <txt ptr="0x7f5ac13a4878" id="151" symbol="8SwTxtFrm" next="152" prev="150" upper="103" txtNodeIndex="169">
    <infos>
     <bounds left="8012" top="23131" width="10431" height="276"/>
    </infos>
    <Special nLength="0" nType="POR_FLY" rText="" nHeight="276" nWidth="4994"/>
    <LineBreak nWidth="4994"/>
    <Finish/>
   </txt>
   <txt ptr="0x7f5ac13a49a8" id="152" symbol="8SwTxtFrm" next="153" prev="151" upper="103" txtNodeIndex="170">
    <infos>
     <bounds left="8012" top="23407" width="10431" height="276"/>
    </infos>
    <Special nLength="0" nType="POR_FLY" rText="" nHeight="276" nWidth="4994"/>
    <LineBreak nWidth="4994"/>
    <Finish/>
   </txt>
   <txt ptr="0x7f5ac13a4ad8" id="153" symbol="8SwTxtFrm" next="154" prev="152" upper="103" txtNodeIndex="171">
    <infos>
     <bounds left="8012" top="23683" width="10431" height="276"/>
    </infos>
    <Special nLength="0" nType="POR_FLY" rText="" nHeight="276" nWidth="4994"/>
    <LineBreak nWidth="4994"/>
    <Finish/>
   </txt>
   <txt ptr="0x7f5ac13a4c08" id="154" symbol="8SwTxtFrm" next="155" prev="153" upper="103" txtNodeIndex="172">
    <infos>
     <bounds left="8012" top="23959" width="10431" height="276"/>
    </infos>
    <Special nLength="0" nType="POR_FLY" rText="" nHeight="276" nWidth="4994"/>
    <LineBreak nWidth="4994"/>
    <Finish/>
   </txt>
   <txt ptr="0x7f5ac13a4d38" id="155" symbol="8SwTxtFrm" next="156" prev="154" upper="103" txtNodeIndex="173">
    <infos>
     <bounds left="8012" top="24235" width="10431" height="276"/>
    </infos>
    <Special nLength="0" nType="POR_FLY" rText="" nHeight="276" nWidth="4994"/>
    <LineBreak nWidth="4994"/>
    <Finish/>
   </txt>
   <txt ptr="0x7f5ac13a4e68" id="156" symbol="8SwTxtFrm" next="157" prev="155" upper="103" txtNodeIndex="174">
    <infos>
     <bounds left="8012" top="24511" width="10431" height="276"/>
    </infos>
    <Special nLength="0" nType="POR_FLY" rText="" nHeight="276" nWidth="4994"/>
    <LineBreak nWidth="4994"/>
    <Finish/>
   </txt>
   <txt ptr="0x7f5ac1382030" id="157" symbol="8SwTxtFrm" next="158" prev="156" upper="103" txtNodeIndex="175">
    <infos>
     <bounds left="8012" top="24787" width="10431" height="276"/>
    </infos>
    <Special nLength="0" nType="POR_FLY" rText="" nHeight="276" nWidth="4994"/>
    <LineBreak nWidth="4994"/>
    <Finish/>
   </txt>
   <txt ptr="0x7f5ac1382160" id="158" symbol="8SwTxtFrm" next="159" prev="157" upper="103" txtNodeIndex="176">
    <infos>
     <bounds left="8012" top="25063" width="10431" height="276"/>
    </infos>
    <Text nLength="0" nType="POR_PARA" nHeight="276"/>
    <LineBreak/>
    <Finish/>
   </txt>
   <txt ptr="0x7f5ac1382290" id="159" symbol="8SwTxtFrm" next="160" prev="158" upper="103" txtNodeIndex="177">
    <infos>
     <bounds left="8012" top="25339" width="10431" height="276"/>
    </infos>
    <Text nLength="0" nType="POR_PARA" nHeight="276"/>
    <LineBreak/>
    <Finish/>
   </txt>
   <txt ptr="0x7f5ac13823c0" id="160" symbol="8SwTxtFrm" next="161" prev="159" upper="103" txtNodeIndex="178">
    <infos>
     <bounds left="8012" top="25615" width="10431" height="276"/>
    </infos>
    <Text nLength="0" nType="POR_PARA" nHeight="276"/>
    <LineBreak/>
    <Finish/>
   </txt>
   <txt ptr="0x7f5ac13824f0" id="161" symbol="8SwTxtFrm" next="162" prev="160" upper="103" txtNodeIndex="179">
    <infos>
     <bounds left="8012" top="25891" width="10431" height="276"/>
    </infos>
    <Special nLength="0" nType="POR_FLY" rText="" nHeight="276" nWidth="5477"/>
    <LineBreak nWidth="5477"/>
    <Finish/>
   </txt>
   <txt ptr="0x7f5ac1382620" id="162" symbol="8SwTxtFrm" next="163" prev="161" upper="103" txtNodeIndex="180">
    <infos>
     <bounds left="8012" top="26167" width="10431" height="276"/>
    </infos>
    <Special nLength="0" nType="POR_FLY" rText="" nHeight="276" nWidth="5477"/>
    <LineBreak nWidth="5477"/>
    <Finish/>
   </txt>
   <txt ptr="0x7f5ac1382750" id="163" symbol="8SwTxtFrm" next="164" prev="162" upper="103" txtNodeIndex="181">
    <infos>
     <bounds left="8012" top="26443" width="10431" height="276"/>
    </infos>
    <Special nLength="0" nType="POR_FLY" rText="" nHeight="276" nWidth="5477"/>
    <LineBreak nWidth="5477"/>
    <Finish/>
   </txt>
   <txt ptr="0x7f5ac1382880" id="164" symbol="8SwTxtFrm" next="165" prev="163" upper="103" txtNodeIndex="182">
    <infos>
     <bounds left="8012" top="26719" width="10431" height="276"/>
    </infos>
    <Special nLength="0" nType="POR_FLY" rText="" nHeight="276" nWidth="5477"/>
    <LineBreak nWidth="5477"/>
    <Finish/>
   </txt>
   <txt ptr="0x7f5ac13829b0" id="165" symbol="8SwTxtFrm" next="166" prev="164" upper="103" txtNodeIndex="183">
    <infos>
     <bounds left="8012" top="26995" width="10431" height="276"/>
    </infos>
    <Special nLength="0" nType="POR_FLY" rText="" nHeight="276" nWidth="5477"/>
    <LineBreak nWidth="5477"/>
    <Finish/>
   </txt>
   <txt ptr="0x7f5ac1382ae0" id="166" symbol="8SwTxtFrm" next="167" prev="165" upper="103" txtNodeIndex="184">
    <infos>
     <bounds left="8012" top="27271" width="10431" height="276"/>
    </infos>
    <Special nLength="0" nType="POR_FLY" rText="" nHeight="276" nWidth="5477"/>
    <LineBreak nWidth="5477"/>
    <Finish/>
   </txt>
   <txt ptr="0x7f5ac1382c10" id="167" symbol="8SwTxtFrm" next="168" prev="166" upper="103" txtNodeIndex="185">
    <infos>
     <bounds left="8012" top="27547" width="10431" height="276"/>
    </infos>
    <Special nLength="0" nType="POR_FLY" rText="" nHeight="276" nWidth="5477"/>
    <LineBreak nWidth="5477"/>
    <Finish/>
   </txt>
   <txt ptr="0x7f5ac1382d40" id="168" symbol="8SwTxtFrm" next="169" prev="167" upper="103" txtNodeIndex="186">
    <infos>
     <bounds left="8012" top="27823" width="10431" height="276"/>
    </infos>
    <Special nLength="0" nType="POR_FLY" rText="" nHeight="276" nWidth="5477"/>
    <LineBreak nWidth="5477"/>
    <Finish/>
   </txt>
   <txt ptr="0x7f5ac1382e70" id="169" symbol="8SwTxtFrm" next="170" prev="168" upper="103" txtNodeIndex="187">
    <infos>
     <bounds left="8012" top="28099" width="10431" height="276"/>
    </infos>
    <Special nLength="0" nType="POR_FLY" rText="" nHeight="276" nWidth="5477"/>
    <LineBreak nWidth="5477"/>
    <Finish/>
   </txt>
   <txt ptr="0x7f5ac1388038" id="170" symbol="8SwTxtFrm" next="171" prev="169" upper="103" txtNodeIndex="188">
    <infos>
     <bounds left="8012" top="28375" width="10431" height="276"/>
    </infos>
    <Special nLength="0" nType="POR_FLY" rText="" nHeight="276" nWidth="5477"/>
    <LineBreak nWidth="5477"/>
    <Finish/>
   </txt>
   <txt ptr="0x7f5ac1388168" id="171" symbol="8SwTxtFrm" next="172" prev="170" upper="103" txtNodeIndex="189">
    <infos>
     <bounds left="8012" top="28651" width="10431" height="276"/>
    </infos>
    <Special nLength="0" nType="POR_FLY" rText="" nHeight="276" nWidth="5477"/>
    <LineBreak nWidth="5477"/>
    <Finish/>
   </txt>
   <txt ptr="0x7f5ac1388298" id="172" symbol="8SwTxtFrm" next="173" prev="171" upper="103" txtNodeIndex="190">
    <infos>
     <bounds left="8012" top="28927" width="10431" height="276"/>
    </infos>
    <Special nLength="0" nType="POR_FLY" rText="" nHeight="276" nWidth="5477"/>
    <LineBreak nWidth="5477"/>
    <Finish/>
   </txt>
   <txt ptr="0x7f5ac13883c8" id="173" symbol="8SwTxtFrm" next="174" prev="172" upper="103" txtNodeIndex="191">
    <infos>
     <bounds left="8012" top="29203" width="10431" height="276"/>
    </infos>
    <Special nLength="0" nType="POR_FLY" rText="" nHeight="276" nWidth="5477"/>
    <LineBreak nWidth="5477"/>
    <Finish/>
   </txt>
   <txt ptr="0x7f5ac13884f8" id="174" symbol="8SwTxtFrm" next="175" prev="173" upper="103" txtNodeIndex="192">
    <infos>
     <bounds left="8012" top="29479" width="10431" height="276"/>
    </infos>
    <Finish/>
   </txt>
   <txt ptr="0x7f5ac1388628" id="175" symbol="8SwTxtFrm" next="176" prev="174" upper="103" txtNodeIndex="193">
    <infos>
     <bounds left="8012" top="29755" width="10431" height="276"/>
    </infos>
    <Finish/>
   </txt>
   <txt ptr="0x7f5ac1388758" id="176" symbol="8SwTxtFrm" next="177" prev="175" upper="103" txtNodeIndex="194">
    <infos>
     <bounds left="8012" top="30031" width="10431" height="276"/>
    </infos>
    <Finish/>
   </txt>
   <txt ptr="0x7f5ac1388888" id="177" symbol="8SwTxtFrm" next="178" prev="176" upper="103" txtNodeIndex="195">
    <infos>
     <bounds left="8012" top="30307" width="10431" height="276"/>
    </infos>
    <Finish/>
   </txt>
   <txt ptr="0x7f5ac13889b8" id="178" symbol="8SwTxtFrm" next="179" prev="177" upper="103" txtNodeIndex="196">
    <infos>
     <bounds left="8012" top="30583" width="10431" height="276"/>
    </infos>
    <Finish/>
   </txt>
   <txt ptr="0x7f5ac1388ae8" id="179" symbol="8SwTxtFrm" next="180" prev="178" upper="103" txtNodeIndex="197">
    <infos>
     <bounds left="8012" top="30859" width="10431" height="276"/>
    </infos>
    <Finish/>
   </txt>
   <txt ptr="0x7f5ac1388c18" id="180" symbol="8SwTxtFrm" next="181" prev="179" upper="103" txtNodeIndex="198">
    <infos>
     <bounds left="8012" top="31135" width="10431" height="276"/>
    </infos>
    <Finish/>
   </txt>
   <txt ptr="0x7f5ac1388d48" id="181" symbol="8SwTxtFrm" next="182" prev="180" upper="103" txtNodeIndex="199">
    <infos>
     <bounds left="8012" top="31411" width="10431" height="276"/>
    </infos>
    <Finish/>
   </txt>
   <txt ptr="0x7f5ac1388e78" id="182" symbol="8SwTxtFrm" prev="181" upper="103" txtNodeIndex="200">
    <infos>
     <bounds left="8012" top="31687" width="10431" height="276"/>
    </infos>
    <Finish/>
   </txt>
  </body>
 </page>
 <page ptr="0x7f5ad8055230" id="183" symbol="9SwPageFrm" next="208" prev="102" upper="4" lower="184">
  <infos>
   <bounds left="6878" top="32532" width="12240" height="15840"/>
  </infos>
  <body ptr="0x7f5ad80571f0" id="184" symbol="9SwBodyFrm" upper="183" lower="185">
   <infos>
    <bounds left="8012" top="33100" width="10431" height="14988"/>
   </infos>
   <txt ptr="0x7f5ac138b040" id="185" symbol="8SwTxtFrm" next="186" upper="184" txtNodeIndex="201">
    <infos>
     <bounds left="8012" top="33100" width="10431" height="276"/>
    </infos>
    <Finish/>
   </txt>
   <txt ptr="0x7f5ac138b170" id="186" symbol="8SwTxtFrm" next="191" prev="185" upper="184" txtNodeIndex="202">
    <infos>
     <bounds left="8012" top="33376" width="10431" height="276"/>
    </infos>
Blog    <Text nLength="4" nType="POR_PARA" nHeight="276" nWidth="467"/>
    <LineBreak nWidth="467"/>
    <Finish/>
   </txt>
   <txt ptr="0x7f5ac138b760" id="191" symbol="8SwTxtFrm" next="187" prev="186" upper="184" txtNodeIndex="203">
    <infos>
     <bounds left="8012" top="33652" width="10431" height="6143"/>
    </infos>
    <anchored>
     <fly ptr="0x7f5b0f1bd500" id="197" symbol="13SwFlyAtCntFrm" lower="198">
      <infos>
       <bounds left="8012" top="33652" width="10431" height="5867"/>
      </infos>
      <notxt ptr="0x7f5b0f1be0d0" id="198" symbol="10SwNoTxtFrm" upper="197">
       <infos>
        <bounds left="8012" top="33652" width="10431" height="5867"/>
       </infos>
      </notxt>
     </fly>
    </anchored>
    <Special nLength="0" nType="POR_FLY" rText="" nHeight="5867" nWidth="10431"/>
    <LineBreak nWidth="10431"/>
    <Text nLength="0" nType="POR_LAY" nHeight="276"/>
    <LineBreak/>
    <Finish/>
   </txt>
   <txt ptr="0x7f5ac138b2a0" id="187" symbol="8SwTxtFrm" next="188" prev="191" upper="184" txtNodeIndex="204">
    <infos>
     <bounds left="8012" top="39795" width="10431" height="276"/>
    </infos>
    <Finish/>
   </txt>
   <txt ptr="0x7f5ac138b3d0" id="188" symbol="8SwTxtFrm" next="189" prev="187" upper="184" txtNodeIndex="205">
    <infos>
     <bounds left="8012" top="40071" width="10431" height="276"/>
    </infos>
    <Finish/>
   </txt>
   <txt ptr="0x7f5ac138b500" id="189" symbol="8SwTxtFrm" next="190" prev="188" upper="184" txtNodeIndex="206">
    <infos>
     <bounds left="8012" top="40347" width="10431" height="276"/>
    </infos>
    <Finish/>
   </txt>
   <txt ptr="0x7f5ac138b630" id="190" symbol="8SwTxtFrm" next="200" prev="189" upper="184" txtNodeIndex="207">
    <infos>
     <bounds left="8012" top="40623" width="10431" height="276"/>
    </infos>
Busqueda por imagen    <Text nLength="19" nType="POR_PARA" nHeight="276" nWidth="2093"/>
    <LineBreak nWidth="2093"/>
    <Finish/>
   </txt>
   <txt ptr="0x7f5ac138bd50" id="200" symbol="8SwTxtFrm" next="205" prev="190" upper="184" txtNodeIndex="208">
    <infos>
     <bounds left="8012" top="40899" width="10431" height="276"/>
    </infos>
    <Finish/>
   </txt>
   <txt ptr="0x7f5ac138b890" id="205" symbol="8SwTxtFrm" next="206" prev="200" upper="184" txtNodeIndex="209">
    <infos>
     <bounds left="8012" top="41175" width="10431" height="6143"/>
    </infos>
    <anchored>
     <fly ptr="0x7f5b0e9eb890" id="203" symbol="13SwFlyAtCntFrm" lower="204">
      <infos>
       <bounds left="8012" top="41175" width="10431" height="5867"/>
      </infos>
      <notxt ptr="0x7f5b0e9e96c0" id="204" symbol="10SwNoTxtFrm" upper="203">
       <infos>
        <bounds left="8012" top="41175" width="10431" height="5867"/>
       </infos>
      </notxt>
     </fly>
    </anchored>
    <Special nLength="0" nType="POR_FLY" rText="" nHeight="5867" nWidth="10431"/>
    <LineBreak nWidth="10431"/>
    <Text nLength="0" nType="POR_LAY" nHeight="276"/>
    <LineBreak/>
    <Finish/>
   </txt>
   <txt ptr="0x7f5ac138b9c0" id="206" symbol="8SwTxtFrm" next="207" prev="205" upper="184" txtNodeIndex="210">
    <infos>
     <bounds left="8012" top="47318" width="10431" height="276"/>
    </infos>
    <Finish/>
   </txt>
   <txt ptr="0x7f5ac138baf0" id="207" symbol="8SwTxtFrm" prev="206" upper="184" txtNodeIndex="211">
    <infos>
     <bounds left="8012" top="47594" width="10431" height="276"/>
    </infos>
    <Finish/>
   </txt>
  </body>
 </page>
 <page ptr="0x7f5ad8055348" id="208" symbol="9SwPageFrm" prev="183" upper="4" lower="209">
  <infos>
   <bounds left="6878" top="48656" width="12240" height="15840"/>
  </infos>
  <body ptr="0x7f5ad80572e8" id="209" symbol="9SwBodyFrm" upper="208" lower="199">
   <infos>
    <bounds left="8012" top="49224" width="10431" height="14988"/>
   </infos>
   <txt ptr="0x7f5ac1538d28" id="199" symbol="8SwTxtFrm" next="213" upper="209" txtNodeIndex="212">
    <infos>
     <bounds left="8012" top="49224" width="10431" height="276"/>
    </infos>
paseo Virtual     <Text nLength="14" nType="POR_PARA" nHeight="276" nWidth="1327"/>
    <LineBreak nWidth="1327"/>
    <Finish/>
   </txt>
   <txt ptr="0x7f5ac138be80" id="213" symbol="8SwTxtFrm" next="210" prev="199" upper="209" txtNodeIndex="213">
    <infos>
     <bounds left="8012" top="49500" width="10431" height="6143"/>
    </infos>
    <anchored>
     <fly ptr="0x7f5b10889a30" id="211" symbol="13SwFlyAtCntFrm" lower="212">
      <infos>
       <bounds left="8012" top="49500" width="10431" height="5867"/>
      </infos>
      <notxt ptr="0x7f5b1088a5f0" id="212" symbol="10SwNoTxtFrm" upper="211">
       <infos>
        <bounds left="8012" top="49500" width="10431" height="5867"/>
       </infos>
      </notxt>
     </fly>
    </anchored>
     <Special nLength="0" nType="POR_FLY" rText="" nHeight="5867" nWidth="10431"/>
    <LineBreak nWidth="10431"/>
    <Text nLength="1" nType="POR_LAY" nHeight="276" nWidth="60"/>
    <LineBreak nWidth="60"/>
    <Finish/>
   </txt>
   <txt ptr="0x7f5ac138bc20" id="210" symbol="8SwTxtFrm" next="217" prev="213" upper="209" txtNodeIndex="214">
    <infos>
     <bounds left="8012" top="55643" width="10431" height="276"/>
    </infos>
ACTIVIDAD GITHUB    <Text nLength="16" nType="POR_PARA" nHeight="276" nWidth="2300"/>
    <LineBreak nWidth="2300"/>
    <Finish/>
   </txt>
   <txt ptr="0x7f5aa7811178" id="217" symbol="8SwTxtFrm" next="214" prev="210" upper="209" txtNodeIndex="215">
    <infos>
     <bounds left="8012" top="55919" width="10431" height="276"/>
    </infos>
    <anchored>
     <fly ptr="0x7f5b0e85d560" id="215" symbol="13SwFlyAtCntFrm" lower="216">
      <infos>
       <bounds left="7682" top="56475" width="5842" height="3286"/>
      </infos>
      <notxt ptr="0x7f5b0e54f1c0" id="216" symbol="10SwNoTxtFrm" upper="215">
       <infos>
        <bounds left="7682" top="56475" width="5842" height="3286"/>
       </infos>
      </notxt>
     </fly>
    </anchored>
    <Finish/>
   </txt>
   <txt ptr="0x7f5aa7811048" id="214" symbol="8SwTxtFrm" prev="217" upper="209" txtNodeIndex="216">
    <infos>
     <bounds left="8012" top="56195" width="10431" height="276"/>
    </infos>
    <anchored>
     <fly ptr="0x7f5b0af50ca0" id="218" symbol="13SwFlyAtCntFrm" lower="219">
      <infos>
       <bounds left="10982" top="60105" width="6759" height="3802"/>
      </infos>
      <notxt ptr="0x7f5b0eee6010" id="219" symbol="10SwNoTxtFrm" upper="218">
       <infos>
        <bounds left="10982" top="60105" width="6759" height="3802"/>
       </infos>
      </notxt>
     </fly>
    </anchored>
    <Finish/>
   </txt>
  </body>
 </page>
</root>
